mean_loss,epsilon
1.96652555466,0.9993196
1.98711669445,0.9984115
2.11863446236,0.99748
1.80949103832,0.9965512
1.64567530155,0.9956215
1.50646042824,0.9946333
1.72490310669,0.9936748
1.48471403122,0.9924094
2.88565564156,0.9916156
0.626963078976,0.9908767
0.452604293823,0.9900253
0.437696993351,0.9892297
0.411372423172,0.9883522
0.463551044464,0.987508
0.427283793688,0.9868249
0.451848268509,0.9860293
0.489830851555,0.9851851
0.495211958885,0.984449800001
0.419010907412,0.983494900001
0.458487153053,0.982509400001
0.435269057751,0.981658900001
0.464749932289,0.980497900001
0.393376111984,0.979817500001
0.450324237347,0.979078600001
0.419372975826,0.978199300001
0.476192355156,0.977266900001
0.441709816456,0.976478500001
0.447248876095,0.975630700001
0.420797139406,0.974892700001
0.455638349056,0.973903600001
0.498372852802,0.973216900001
0.419010549784,0.972199900001
0.482226580381,0.971109100001
0.451890617609,0.970367500001
0.459399729967,0.969541300001
0.433339446783,0.968692600001
0.490406364202,0.967870000001
0.43937844038,0.967021300001
0.461202979088,0.966088900001
0.429740458727,0.965409400001
0.433953553438,0.964372600001
0.434866845608,0.963689500001
0.451302230358,0.962296300001
0.495062887669,0.961504300001
0.442888855934,0.960660100001
0.475605249405,0.959866300001
0.403219848871,0.958913200001
0.449251651764,0.957790000001
0.425261318684,0.956890000001
0.458910375834,0.956048500001
0.464591354132,0.955256500001
0.466285049915,0.954571600001
0.454732626677,0.953890300002
0.432401835918,0.952984900002
0.431734293699,0.952049800002
0.411823034286,0.951224500002
0.425401240587,0.950483800002
0.485159695148,0.949746700002
0.468266010284,0.948898000002
0.4393196702,0.948102400002
0.417407870293,0.947003500002
0.466832488775,0.945795700002
0.436027735472,0.945002800002
0.441052645445,0.944034400002
0.439346134663,0.943027300002
0.478053659201,0.942208300002
0.50344389677,0.941415400002
0.41149571538,0.940513600002
0.415759652853,0.939601900002
0.474686890841,0.938614600002
0.467474639416,0.937216900002
0.466224849224,0.935947900002
0.428540170193,0.934984000002
0.43013265729,0.934104700002
0.440880477428,0.933190300002
0.44507586956,0.932448700002
0.49031829834,0.931569400002
0.403055131435,0.930502000002
0.429490566254,0.929710900002
0.47351038456,0.928917100002
0.441876351833,0.927623800002
0.468166410923,0.926831800002
0.424164056778,0.926062300002
0.412080973387,0.925129000002
0.450124740601,0.924283000002
0.449491411448,0.923545000003
0.493674427271,0.922539700003
0.46239233017,0.921608200003
0.407702147961,0.920924200003
0.449886977673,0.920078200003
0.463113278151,0.919393300003
0.457642018795,0.918464500003
0.463738381863,0.917614900003
0.455249637365,0.916740100003
0.480800181627,0.915917500003
0.430302798748,0.915069700003
0.424894779921,0.914025700003
0.42960947752,0.913146400003
0.45868948102,0.912301300003
0.440778136253,0.911240200003
0.473716586828,0.910342900003
0.464021354914,0.909218800003
0.450843781233,0.908372800003
0.458309948444,0.907579900003
0.475218057632,0.906595300003
0.474833577871,0.905525200003
0.440015017986,0.904785400003
0.431286990643,0.904050100003
0.428694695234,0.903142900003
0.466561466455,0.902239300003
0.507683217525,0.901365400003
0.449258178473,0.900411400003
0.411429733038,0.899567200003
0.440760314465,0.898636600003
0.383899629116,0.897641200003
0.433434069157,0.896734000003
0.395754516125,0.895886200003
0.458697736263,0.895151800003
0.436726808548,0.894195100003
0.445039749146,0.893297800004
0.453586935997,0.892362700004
0.421235203743,0.891224200004
0.437352865934,0.890229700004
0.448140859604,0.889300000004
0.455672711134,0.888562000004
0.429142475128,0.887573800004
0.458786725998,0.886781800004
0.459529399872,0.885960100004
0.370166301727,0.885111400004
0.449304461479,0.884145700004
0.423182398081,0.883191700004
0.39258351922,0.882293500004
0.428362309933,0.881446600004
0.413492739201,0.880601500004
0.451674938202,0.879453100004
0.408750474453,0.878552200004
0.451154172421,0.877707100004
0.456904739141,0.876859300004
0.426131546497,0.875960200004
0.411732375622,0.875274400004
0.430903077126,0.874234900004
0.446746051311,0.873441100004
0.44102075696,0.872561800004
0.444893270731,0.871714900004
0.446373581886,0.870981400004
0.429288595915,0.870026500004
0.430250018835,0.869176900004
0.430884867907,0.867966400004
0.439842432737,0.867009700004
0.389230728149,0.865886500004
0.499740421772,0.864901000004
0.452133119106,0.863969500004
0.422631174326,0.863088400005
0.431937396526,0.862245100005
0.490848243237,0.861367600005
0.444825470448,0.860626900005
0.404465794563,0.859552300005
0.411648035049,0.858597400005
0.440668791533,0.857548000005
0.448839694262,0.856450900005
0.426681160927,0.855606700005
0.476601451635,0.854725600005
0.485862910748,0.853989400005
0.430732578039,0.853196500005
0.440969228745,0.852461200005
0.42697802186,0.851615200005
0.444446504116,0.850819600005
0.453241348267,0.849916000005
0.474526315928,0.848906200005
0.483861535788,0.848170900005
0.471418350935,0.847378900005
0.420981109142,0.846448300005
0.439815491438,0.845550100005
0.466682583094,0.844813900005
0.460272908211,0.843905800005
0.436901032925,0.843109300005
0.450355321169,0.842232700005
0.495019704103,0.841442500005
0.4315995574,0.840759400005
0.458328843117,0.840023200005
0.464137911797,0.839281600005
0.435675889254,0.838434700005
0.420584589243,0.837611200005
0.442814141512,0.836762500005
0.417450398207,0.835752700005
0.416840046644,0.835012900005
0.398362368345,0.834113800005
0.457034856081,0.833104000005
0.420565664768,0.832083400006
0.423592209816,0.831130300006
0.438432842493,0.830280700006
0.463447183371,0.829545400006
0.47367054224,0.828699400006
0.464370965958,0.828012700006
0.455336898565,0.827273800006
0.45551404357,0.826451200006
0.444535315037,0.825213700006
0.427631109953,0.824419000006
0.445113450289,0.823629700006
0.45457303524,0.822696400006
0.450078248978,0.821905300006
0.436829775572,0.820942300006
0.462823748589,0.820187200006
0.446896284819,0.819342100006
0.423425853252,0.818605900006
0.469451516867,0.817702300006
0.437701493502,0.816855400006
0.432233870029,0.816065200006
0.438585609198,0.815103100006
0.427717417479,0.814259800006
0.417770236731,0.813466000006
0.427920222282,0.812482300006
0.430530160666,0.811692100006
0.429955601692,0.810653500006
0.482562154531,0.809775100006
0.459816426039,0.808869700006
0.453744113445,0.807969700006
0.44635489583,0.807069700006
0.430857926607,0.806106700006
0.425061136484,0.805012300006
0.40955516696,0.804275200006
0.469598263502,0.803426500006
0.412193626165,0.802576900006
0.426560044289,0.801644500007
0.445011109114,0.800911000007
0.467259973288,0.800175700007
0.397255539894,0.799273900007
0.496855556965,0.798538600007
0.419490724802,0.797463100007
0.419776201248,0.796475800007
0.401736885309,0.795737800007
0.450304985046,0.794778400007
0.430649638176,0.793989100007
0.449786901474,0.793167400007
0.431950718164,0.792285400007
0.447593957186,0.791267500007
0.424727171659,0.790331500007
0.465564280748,0.789435100007
0.430423855782,0.788609800007
0.448924362659,0.787784500007
0.435891032219,0.787050100007
0.423755764961,0.786202300007
0.435130149126,0.785517400007
0.434692084789,0.784617400007
0.443318009377,0.783655300007
0.410793721676,0.782473600007
0.439488321543,0.781461100007
0.410236865282,0.780722200007
0.434302419424,0.779983300007
0.43967333436,0.779188600007
0.468134343624,0.778290400007
0.428797900677,0.777555100007
0.40033018589,0.776710900007
0.440133422613,0.775833400007
0.427843481302,0.774931600007
0.390473753214,0.773949700007
0.388237208128,0.772988500007
0.46721675992,0.772113700008
0.409525662661,0.771096700008
0.446138590574,0.770215600008
0.4620026052,0.769369600008
0.432284414768,0.768411100008
0.428654789925,0.767620000008
0.446512371302,0.766773100008
0.447608947754,0.765981100008
0.466335117817,0.765101800008
0.457102477551,0.764221600008
0.484909415245,0.763128100008
0.433784008026,0.762390100008
0.448206782341,0.761437000008
0.452096283436,0.760644100008
0.479297488928,0.759852100008
0.426819384098,0.758835100008
0.454052329063,0.757871200008
0.477423787117,0.756901900008
0.422513723373,0.756163000008
0.441557079554,0.754984900008
0.450750559568,0.754141600008
0.434284299612,0.753292900008
0.419241279364,0.752497300008
0.427229851484,0.751762000008
0.411614507437,0.750913300008
0.428200960159,0.750066400008
0.4380877316,0.749385100008
0.448208779097,0.748589500008
0.394447684288,0.747796600008
0.482680261135,0.746894800008
0.472778856754,0.746158600008
0.449263334274,0.745366600008
0.47767624259,0.744630400008
0.41869661212,0.743780800008
0.44435146451,0.743042800008
0.422415554523,0.742305700008
0.424411863089,0.741479500009
0.47288993001,0.740745100009
0.433765530586,0.740006200009
0.454134643078,0.739183600009
0.463787198067,0.738023500009
0.441866636276,0.736806700009
0.462903350592,0.736070500009
0.42221313715,0.735173200009
0.458934307098,0.734488300009
0.383564531803,0.733751200009
0.427782744169,0.732797200009
0.411427021027,0.731870200009
0.444613754749,0.730958500009
0.468934386969,0.730223200009
0.402042597532,0.729217900009
0.425538569689,0.728537500009
0.412093490362,0.727461100009
0.415782272816,0.726723100009
0.403340220451,0.725761900009
0.436781227589,0.724973500009
0.472615540028,0.724006000009
0.457735091448,0.723124900009
0.432352900505,0.722137600009
0.441483676434,0.721289800009
0.427364736795,0.720443800009
0.459262102842,0.719707600009
0.400048464537,0.718864300009
0.434453338385,0.718073200009
0.463772714138,0.717282100009
0.437785983086,0.716344300009
0.418584227562,0.715603600009
0.432642787695,0.714863800009
0.460930913687,0.714014200009
0.449230015278,0.712858600009
0.452144861221,0.712039600009
0.467829525471,0.71130250001
0.438012212515,0.71050870001
0.435616314411,0.70982740001
0.450437039137,0.70908940001
0.472498446703,0.70793020001
0.422244518995,0.70685380001
0.462309807539,0.70606000001
0.441196918488,0.70537690001
0.422100961208,0.70458670001
0.485790461302,0.70379290001
0.386783599854,0.70285780001
0.400633454323,0.70211890001
0.413821876049,0.70138270001
0.463505655527,0.70059160001
0.487925350666,0.69985540001
0.444242537022,0.69917410001
0.448449641466,0.69843430001
0.446817398071,0.69739570001
0.462969183922,0.69659920001
0.437529683113,0.69575230001
0.402945011854,0.69495760001
0.401256024837,0.69416200001
0.40442892909,0.69347890001
0.43261629343,0.69268960001
0.478425532579,0.69200290001
0.430989027023,0.69110200001
0.400550365448,0.69036400001
0.450588643551,0.68951530001
0.399540215731,0.68878000001
0.449375927448,0.68790700001
0.436681568623,0.68691610001
0.481750249863,0.68623120001
0.378386706114,0.68532670001
0.422006338835,0.68453560001
0.434224456549,0.68338000001
0.403783977032,0.68241880001
0.466927915812,0.68157190001
0.421336859465,0.680833000011
0.45550981164,0.679757500011
0.436529159546,0.678800800011
0.433982163668,0.678008800011
0.450102746487,0.677130400011
0.440339833498,0.676198000011
0.394684374332,0.675290800011
0.455882966518,0.674501500011
0.463471025229,0.673603300011
0.486543416977,0.672809500011
0.423799097538,0.671963500011
0.441755205393,0.671034700011
0.492190659046,0.670213900011
0.429087251425,0.669339100011
0.396152019501,0.668598400011
0.451414763927,0.667802800011
0.415725767612,0.667011700011
0.436960935593,0.666163900011
0.444142192602,0.665260300011
0.419381558895,0.664380100011
0.403278827667,0.663586300011
0.441922515631,0.662684500011
0.413728117943,0.661837600011
0.43356642127,0.660994300011
0.409997999668,0.660169900011
0.418135106564,0.659323900011
0.456217139959,0.658390600011
0.449634969234,0.657491500011
0.476041376591,0.656642800011
0.46044626832,0.655906600011
0.431959271431,0.655166800011
0.446812063456,0.654426100011
0.455980211496,0.653581000011
0.451054006815,0.652844800011
0.424818724394,0.651667600011
0.480526983738,0.650842300011
0.438921570778,0.650158300012
0.443812012672,0.649224100012
0.430702984333,0.648430300012
0.411448836327,0.647578900012
0.416490852833,0.646734700012
0.472583979368,0.645857200012
0.429687261581,0.645173200012
0.460989624262,0.644438800012
0.45502731204,0.643642300012
0.454335153103,0.642745000012
0.414375424385,0.642064600012
0.480702579021,0.641215900012
0.4342918396,0.640393300012
0.442038685083,0.639407800012
0.357188224792,0.638565400012
0.423860907555,0.637716700012
0.419031083584,0.636758200012
0.460341125727,0.635830300012
0.443890452385,0.634875400012
0.450448602438,0.634026700012
0.479588866234,0.633233800012
0.435767143965,0.632440000012
0.47303083539,0.631348300012
0.434722959995,0.630504100012
0.464676320553,0.629769700012
0.466068685055,0.629034400012
0.45577570796,0.628154200012
0.444206207991,0.627363100012
0.479209750891,0.626458600012
0.431118309498,0.625608100012
0.446299850941,0.624757600012
0.429037004709,0.623856700012
0.448168575764,0.623013400012
0.422874897718,0.622223200012
0.402887046337,0.621431200012
0.454118192196,0.620695900012
0.466707885265,0.619852600013
0.44951453805,0.619003000013
0.446782290936,0.618101200013
0.476737320423,0.617167000013
0.429916381836,0.616427200013
0.462952554226,0.615493000013
0.361360251904,0.614503900013
0.37562790513,0.613332100013
0.427876710892,0.612540100013
0.418832659721,0.611749900013
0.435171723366,0.610901200013
0.506056070328,0.610219000013
0.429040700197,0.609537700013
0.445348054171,0.608517100013
0.404509782791,0.607525300013
0.446911752224,0.606732400013
0.431472063065,0.605749600013
0.46923995018,0.605014300013
0.460303276777,0.604169200013
0.446664303541,0.603128800013
0.468821078539,0.602283700013
0.455134660006,0.601516900013
0.415092051029,0.600669100013
0.445027112961,0.599766400013
0.446367144585,0.599031100013
0.434838980436,0.597898000013
0.443664550781,0.597105100013
0.429668515921,0.596167300013
0.482080191374,0.595423900013
0.464791029692,0.594630100013
0.42606818676,0.593836300013
0.45588862896,0.593099200013
0.443490564823,0.591978700013
0.405171453953,0.591239800013
0.4213539958,0.590338900013
0.417309105396,0.589492900014
0.424177378416,0.588811600014
0.470573276281,0.587912500014
0.418847382069,0.586920700014
0.467330485582,0.586184500014
0.436825692654,0.584973100014
0.428148537874,0.583961500014
0.486338883638,0.583277500014
0.451556235552,0.582539500014
0.403687089682,0.581697100014
0.452972054482,0.580763800014
0.497126251459,0.579810700014
0.415488541126,0.578881000014
0.414429545403,0.577949500014
0.437451004982,0.577212400014
0.430519402027,0.576386200014
0.407211780548,0.575593300014
0.464589774609,0.574855300014
0.415364027023,0.573957100014
0.389192551374,0.573110200014
0.422932446003,0.572232700014
0.444220304489,0.571279600014
0.442167043686,0.570484900014
0.449462890625,0.569636200014
0.434171438217,0.568843300014
0.460430651903,0.567795700014
0.472122818232,0.566884000014
0.463294565678,0.566146000014
0.436518013477,0.565408900014
0.474206984043,0.564582700014
0.389305233955,0.563734000014
0.472894281149,0.562942900014
0.489072710276,0.562012300014
0.443614333868,0.561220300014
0.392542779446,0.560481400014
0.465190440416,0.559712800014
0.460597455502,0.558784000015
0.473178684711,0.558043300015
0.452703922987,0.557143300015
0.421325385571,0.556299100015
0.445834219456,0.555132700015
0.448078632355,0.554452300015
0.45873773098,0.553442500015
0.48628821969,0.552598300015
0.441068768501,0.551916100015
0.450960963964,0.551121400015
0.447908103466,0.550329400015
0.474053442478,0.549539200015
0.461156576872,0.548696800015
0.494841486216,0.547852600015
0.444806605577,0.546975100015
0.463414639235,0.546132700015
0.441889613867,0.545450500015
0.475873857737,0.544659400015
0.514118373394,0.543780100015
0.508423984051,0.542933200015
0.476398527622,0.542138500015
0.437696814537,0.541256500015
0.484008282423,0.540357400015
0.477111935616,0.539510500015
0.483226507902,0.538717600015
0.43883857131,0.537810400015
0.466911017895,0.537014800015
0.473274379969,0.536277700015
0.447019129992,0.535152700015
0.478123039007,0.534216700015
0.477158159018,0.533419300015
0.457626342773,0.532486900015
0.475420832634,0.531504100015
0.473627477884,0.530680600015
0.460253715515,0.529836400015
0.442608118057,0.529097500016
0.409269750118,0.528414400016
0.434794455767,0.527568400016
0.447820186615,0.526723300016
0.45829552412,0.525927700016
0.418538272381,0.525046600016
0.467094153166,0.524166400016
0.418880432844,0.523431100016
0.434057235718,0.522370000016
0.425393313169,0.521633800016
0.480682164431,0.520786900016
0.478050768375,0.519832000016
0.424868255854,0.518823100016
0.439963728189,0.517857400016
0.490458369255,0.516952000016
0.435986042023,0.515909800016
0.438609629869,0.514950400016
0.434292852879,0.513984700016
0.439295679331,0.513190000016
0.421327233315,0.512289100016
0.477520167828,0.511330600016
0.428733795881,0.510376600016
0.425898164511,0.509382100016
0.438094317913,0.508539700016
0.470025569201,0.507802600016
0.418743222952,0.506900800016
0.451267749071,0.505999900016
0.426973879337,0.504963100016
0.441701799631,0.503996500016
0.418624669313,0.503146000016
0.414979696274,0.502324300016
0.449670016766,0.501536800016
0.446490556002,0.500747500016
0.411451876163,0.499844800016
0.420680612326,0.498747700016
0.433764636517,0.497954800016
0.427711844444,0.497161900016
0.4387999475,0.496280800016
0.414365142584,0.495349300016
0.430156588554,0.494611300016
0.399807810783,0.493872400016
0.422602653503,0.492972400016
0.407449305058,0.492179500016
0.405011504889,0.491437900016
0.409024357796,0.490701700016
0.388215303421,0.489909700016
0.371385872364,0.489115900016
0.40690138936,0.488269900016
0.418449550867,0.487533700016
0.408019274473,0.486658900016
0.423434406519,0.485869600016
0.456888705492,0.485078500016
0.431086719036,0.484283800016
0.417371869087,0.483293800016
0.400206774473,0.482394700016
0.416172891855,0.481654000016
0.41089707613,0.480398500016
0.42589533329,0.479431000016
0.469960957766,0.478639000016
0.421407520771,0.477683200016
0.385316073895,0.476860600016
0.398815125227,0.476072200016
0.419335961342,0.474978700016
0.40485522151,0.474184900016
0.399241060019,0.473448700016
0.43516227603,0.472537000016
0.429587215185,0.471571300016
0.438412874937,0.470534500016
0.413219243288,0.469574200016
0.385809123516,0.468839800016
0.404085457325,0.468099100016
0.423487007618,0.467305300016
0.42129817605,0.466460200015
0.437117338181,0.465452200015
0.461115419865,0.464656600015
0.408754855394,0.463836700015
0.40097284317,0.462709900015
0.399627566338,0.461864800015
0.417226731777,0.460630000015
0.379123598337,0.459890200015
0.377629607916,0.459014500015
0.411780834198,0.458227000015
0.395327329636,0.457546600015
0.389386117458,0.456638500015
0.425926715136,0.455707000015
0.400134950876,0.454775500015
0.39828941226,0.454037500015
0.406269013882,0.453139300015
0.386723816395,0.452205100015
0.423636615276,0.451354600015
0.418528288603,0.450505000015
0.373006314039,0.449711200015
0.380358308554,0.448916500015
0.416782647371,0.448071400015
0.404832214117,0.447388300015
0.453572899103,0.446649400015
0.380363404751,0.445859200015
0.37116214633,0.445064500015
0.410390973091,0.444322900015
0.403600871563,0.443498500015
0.421465933323,0.442673200015
0.394849330187,0.441771400015
0.35961574316,0.440979400015
0.414029419422,0.439973200015
0.422340840101,0.439177600015
0.453567355871,0.438302800015
0.455483049154,0.437424400015
0.418426454067,0.436574800015
0.382648825645,0.435613600015
0.42266613245,0.434877400015
0.424178600311,0.434089900015
0.438615471125,0.433186300015
0.380019247532,0.432504100015
0.418548315763,0.431662600014
0.428690880537,0.430760800014
0.418504565954,0.430022800014
0.410041093826,0.429282100014
0.426450490952,0.428438800014
0.418615728617,0.427537900014
0.402755826712,0.426855700014
0.4068531394,0.425807200014
0.438380718231,0.424764100014
0.401627004147,0.423970300014
0.372353672981,0.423018100014
0.424277424812,0.422056900014
0.415169209242,0.421049800014
0.392906010151,0.420256000014
0.416320741177,0.419467600014
0.410165309906,0.418339000014
0.440652966499,0.417370600014
0.368895858526,0.416574100014
0.413058400154,0.415613800014
0.424770414829,0.414786700014
0.384908497334,0.413884900014
0.396501719952,0.413037100014
0.36074501276,0.412296400014
0.409850031137,0.411508000014
0.392114460468,0.410630500014
0.407983094454,0.409621600014
0.388038218021,0.408829600014
0.365573167801,0.408093400014
0.403473883867,0.407302300014
0.409912258387,0.406561600014
0.405148357153,0.405605800014
0.422567099333,0.404870500014
0.391032189131,0.404134300014
0.410993158817,0.403229800014
0.390836805105,0.402384700014
0.455535680056,0.401645800014
0.397161662579,0.400852000014
0.402265191078,0.400057300014
0.38436755538,0.399263500014
0.380419492722,0.398311300014
0.457732915878,0.397631800014
0.386327832937,0.396893800013
0.367550671101,0.395929900013
0.454007804394,0.395082100013
0.359398305416,0.394289200013
0.405087441206,0.393441400013
0.405048638582,0.392699800013
0.381895601749,0.392013100013
0.426199167967,0.391187800013
0.41980445385,0.390255400013
0.381084352732,0.389519200013
0.387937217951,0.388752400013
0.410926699638,0.388068400013
0.398858308792,0.387171100013
0.43609392643,0.386324200013
0.403765797615,0.385584400013
0.404712289572,0.384761800013
0.409463793039,0.384023800013
0.426646351814,0.383067100013
0.406361758709,0.382331800013
0.412771880627,0.381539800013
0.400801390409,0.380584900013
0.392675310373,0.379792000013
0.367639303207,0.379057600013
0.430749177933,0.378154900013
0.370768874884,0.377361100013
0.365542262793,0.376447600013
0.354657769203,0.375651100013
0.376076638699,0.374859100013
0.407011479139,0.373929400013
0.417493164539,0.373136500013
0.408487230539,0.372314800013
0.428058177233,0.371573200013
0.358454436064,0.370778500013
0.394731789827,0.370662400013
0.443677127361,0.369921700013
0.42570784688,0.369126100013
0.432147532701,0.368333200013
0.389310956001,0.367594300013
0.4239141047,0.366744700013
0.411379992962,0.365952700013
0.411131888628,0.365212000013
0.401699870825,0.364369600013
0.412853777409,0.363578500013
0.350793451071,0.362784700013
0.401845216751,0.361936000012
0.437788367271,0.361196200012
0.373311579227,0.360403300012
0.409269422293,0.359557300012
0.39561355114,0.358656400012
0.411551952362,0.357861700012
0.408308327198,0.357121000012
0.380158275366,0.356218300012
0.400095045567,0.355370500012
0.402988374233,0.354577600012
0.362629383802,0.353842300012
0.412132024765,0.352820800012
0.330292344093,0.351973000012
0.409406632185,0.351124300012
0.379049360752,0.350382700012
0.394971579313,0.349537600012
0.417514234781,0.348639400012
0.405665069818,0.347956300012
0.433563917875,0.347161600012
0.413467437029,0.346424500012
0.431616872549,0.345686500012
0.420541763306,0.344945800012
0.413904547691,0.344152000012
0.421454101801,0.343242100012
0.382162511349,0.342417700012
0.399826258421,0.341571700012
0.383712381124,0.340885900012
0.3914103508,0.339932800012
0.418648153543,0.339139900012
0.423794567585,0.338400100012
0.398371756077,0.337664800012
0.412935465574,0.336761200012
0.416990578175,0.335971900012
0.407049328089,0.335129500012
0.429749488831,0.334333900012
0.407444089651,0.333488800012
0.395956784487,0.332664400012
0.402511656284,0.331819300012
0.37796664238,0.331080400012
0.409504950047,0.330254200012
0.419070154428,0.329517100012
0.362388491631,0.328834900012
0.418002665043,0.327982600012
0.40633353591,0.327024100011
0.394024252892,0.325844200011
0.419696837664,0.325159300011
0.413209408522,0.324307900011
0.385384231806,0.323569000011
0.378161996603,0.322831900011
0.364652961493,0.322098400011
0.402768850327,0.321303700011
0.397862792015,0.320458600011
0.367269039154,0.319394800011
0.434490054846,0.318604600011
0.422805845737,0.317866600011
0.426098644733,0.316965700011
0.384242981672,0.316226800011
0.429078251123,0.315405100011
0.386257916689,0.314501500011
0.399029999971,0.313760800011
0.404338926077,0.312879700011
0.417143106461,0.312085000011
0.421744585037,0.311187700011
0.363707274199,0.310340800011
0.431222528219,0.309600100011
0.391679704189,0.308670400011
0.385655999184,0.307882000011
0.406008571386,0.307089100011
0.419364601374,0.306192700011
0.42428329587,0.305343100011
0.370088011026,0.304497100011
0.424300670624,0.303706000011
0.367588818073,0.302965300011
0.394961059093,0.302280400011
0.416588753462,0.301540600011
0.376985907555,0.300641500011
0.443323194981,0.299901700011
0.407281219959,0.299110600011
0.396597892046,0.298282600011
0.399234592915,0.297434800011
0.373438715935,0.296694100011
0.353835582733,0.295902100011
0.407259792089,0.295107400011
0.427932173014,0.294204700011
0.40060967207,0.293518000011
0.396182835102,0.29261710001
0.385553866625,0.29182780001
0.380923688412,0.29108890001
0.408827871084,0.29029510001
0.385396718979,0.28928620001
0.374260544777,0.28849510001
0.390874117613,0.28775620001
0.405901908875,0.28680220001
0.428694367409,0.28600930001
0.384770363569,0.28527130001
0.439106404781,0.28453420001
0.440041482449,0.28368460001
0.387652218342,0.28283860001
0.396693885326,0.28187740001
0.403966605663,0.28113850001
0.401534765959,0.28034830001
0.431988716125,0.27950320001
0.408864021301,0.27876340001
0.398321866989,0.27780310001
0.420332759619,0.27695530001
0.432139933109,0.27627400001
0.44273635745,0.27553420001
0.387556910515,0.27479620001
0.406378358603,0.27405730001
0.400485187769,0.27304750001
0.411009848118,0.27225280001
0.42049780488,0.27151570001
0.406699210405,0.27077860001
0.43231523037,0.26998840001
0.409790128469,0.26916580001
0.394579023123,0.26834230001
0.403552919626,0.26738110001
0.401935130358,0.26653510001
0.396307468414,0.26579980001
0.424134671688,0.26506270001
0.38365906477,0.26432290001
0.405206799507,0.26349760001
0.415171653032,0.26270830001
0.397636473179,0.26191630001
0.399444997311,0.26106580001
0.402525633574,0.26038270001
0.402090966702,0.25959250001
0.43441349268,0.25875010001
0.390724480152,0.25801300001
0.396596103907,0.257220100009
0.394187390804,0.256430800009
0.410481393337,0.255473200009
0.384808927774,0.254629000009
0.429492384195,0.253785700009
0.413235604763,0.252938800009
0.393808722496,0.252199000009
0.434826821089,0.251458300009
0.407290905714,0.250557400009
0.411914557219,0.249762700009
0.369556099176,0.249021100009
0.432756453753,0.248200300009
0.405359774828,0.247405600009
0.406826049089,0.246497500009
0.431215763092,0.245761300009
0.41930988431,0.245026000009
0.448000371456,0.244342000009
0.426700800657,0.243603100009
0.438930094242,0.242866000009
0.466873854399,0.242129800009
0.404707819223,0.241392700009
0.400258809328,0.240652900009
0.413455218077,0.239918500009
0.416119009256,0.239237200009
0.445903211832,0.238446100009
0.436150789261,0.237709900009
0.423460274935,0.236972800009
0.393397003412,0.236181700009
0.447572052479,0.235390600009
0.425910979509,0.234601300009
0.417382001877,0.233806600009
0.414388269186,0.232960600009
0.396481186152,0.232082200009
0.431636154652,0.231344200009
0.419666945934,0.230606200009
0.400526344776,0.229813300009
0.413198113441,0.229073500009
0.370021134615,0.228339100009
0.38726195693,0.227400400009
0.401933699846,0.226606600009
0.428124755621,0.225869500009
0.390156179667,0.225133300009
0.421244591475,0.224343100009
0.408698171377,0.223521400009
0.393708705902,0.222620500009
0.439397037029,0.221772700009
0.413524419069,0.220923100009
0.377680420876,0.220129300009
0.416925042868,0.219225700009
0.376928091049,0.218545300009
0.39975130558,0.217666000009
0.405786603689,0.216814600009
0.455081701279,0.215938900009
0.446864575148,0.215143300009
0.396629929543,0.214319800009
0.349983304739,0.213634900009
0.403726667166,0.212840200009
0.387785643339,0.212159800009
0.363489151001,0.211419100009
0.42370980978,0.210570400009
0.409872055054,0.209722600009
0.433884501457,0.208988200009
0.430501520634,0.208139500009
0.38174456358,0.207238600009
0.387065529823,0.206498800009
0.404001832008,0.205489900009
0.383656710386,0.204698800009
0.442412465811,0.203964400009
0.42782998085,0.202957300009
0.42891484499,0.202217500009
0.373980462551,0.201427300009
0.399435847998,0.200746900009
0.443953812122,0.199926100009
0.374635100365,0.199129600009
0.377494186163,0.198333100009
0.422795385122,0.197425900009
0.401680767536,0.196633900009
0.397896081209,0.195783400009
0.403290092945,0.195043600009
0.394486010075,0.194110300009
0.41551887989,0.193429900009
0.422265708447,0.192691900009
0.400774180889,0.191846800009
0.425312787294,0.190999000009
0.396577566862,0.190261900009
0.405098229647,0.189521200009
0.411192119122,0.188725600009
0.384027957916,0.187852600009
0.448799043894,0.187025500009
0.40847375989,0.186284800009
0.409969806671,0.185546800009
0.404003590345,0.184811500009
0.370796322823,0.184131100009
0.39938390255,0.183393100009
0.424541920424,0.182707300009
0.424594670534,0.182022400009
0.413884222507,0.181288000009
0.380581587553,0.180550900009
0.410707771778,0.179651800009
0.410789936781,0.178855300009
0.387178361416,0.178117300009
0.42489233613,0.177274000009
0.420344203711,0.176533300009
0.420951902866,0.175704400009
0.404601424932,0.174744100009
0.393326550722,0.174009700009
0.401735723019,0.173273500009
0.420138925314,0.172450000009
0.413231313229,0.171661600009
0.389026224613,0.170927200009
0.414540916681,0.170191000009
0.407308667898,0.169453000009
0.429955214262,0.168716800009
0.445605397224,0.168033700009
0.389379233122,0.167157100009
0.407212972641,0.166305700009
0.378903478384,0.165480400009
0.355566710234,0.164740600009
0.36611020565,0.163890100009
0.388026714325,0.163101700009
0.415127247572,0.162360100009
0.371010065079,0.161514100009
0.412702441216,0.160779700009
0.476964622736,0.159988600009
0.444806814194,0.159249700009
0.421453803778,0.158514400009
0.414625704288,0.157834900009
0.415124058723,0.157044700009
0.393665254116,0.156137500009
0.415577799082,0.155399500009
0.426877200603,0.154660600009
0.380175054073,0.153781300009
0.432571202517,0.152990200009
0.406554430723,0.152250400009
0.401901960373,0.151404400009
0.405836939812,0.150562000009
0.421065568924,0.149715100009
0.432953774929,0.149033800009
0.420607298613,0.148240900009
0.406278580427,0.147452500009
0.420565903187,0.146462500009
0.424065649509,0.145915300009
0.401541650295,0.145233100009
0.418499857187,0.144496900009
0.407623767853,0.143704900009
0.426318138838,0.142967800009
0.44457668066,0.142287400009
0.390199452639,0.141495400009
0.39347922802,0.14064850001
0.425047904253,0.13990960001
0.438693404198,0.13917430001
0.438921898603,0.13833010001
0.407401293516,0.13759300001
0.382715731859,0.13685500001
0.428241223097,0.13612150001
0.456755965948,0.13538710001
0.420904487371,0.13459870001
0.445044875145,0.13380940001
0.404903292656,0.13301380001
0.435357153416,0.13227760001
0.432545244694,0.13148920001
0.404352515936,0.13080340001
0.370885580778,0.13006810001
0.421001493931,0.12927790001
0.419085383415,0.12845080001
0.383393287659,0.12771100001
0.420278042555,0.12691900001
0.421933233738,0.12617740001
0.426685869694,0.12544030001
0.402523428202,0.12450970001
0.419674247503,0.12376990001
0.414157480001,0.12303550001
0.427074700594,0.12224080001
0.415526688099,0.12150010001
0.425427347422,0.12056680001
0.410044133663,0.11977120001
0.411301642656,0.11903500001
0.410744071007,0.11813410001
0.430991262197,0.11734570001
0.424273312092,0.11655280001
0.442841559649,0.11581570001
0.393929541111,0.11513440001
0.382695555687,0.11420110001
0.421933978796,0.11335150001
0.436661422253,0.11241910001
0.356841921806,0.11168200001
0.418304800987,0.11088820001
0.440567165613,0.11020690001
0.447027415037,0.10936540001
0.382179439068,0.10863190001
0.393495321274,0.10789660001
0.464121460915,0.10715950001
0.431319564581,0.10636840001
0.440380305052,0.10557370001
0.422137439251,0.10475200001
0.428435921669,0.10395910001
0.388592660427,0.10316080001
0.400391638279,0.10228240001
0.442884743214,0.10160020001
0.419049799442,0.10086310001
0.461043119431,0.1
0.409715354443,0.1
0.420000046492,0.1
0.451514303684,0.1
0.387452572584,0.1
0.406835883856,0.1
0.447066277266,0.1
0.44483307004,0.1
0.441532552242,0.1
0.443955987692,0.1
0.448707520962,0.1
0.437369406223,0.1
0.416097790003,0.1
0.439075350761,0.1
0.413668125868,0.1
0.439465492964,0.1
0.380306452513,0.1
0.455194950104,0.1
0.404952734709,0.1
0.426530957222,0.1
0.420161962509,0.1
0.38546204567,0.1
0.435466527939,0.1
0.428365975618,0.1
0.402950912714,0.1
0.408170908689,0.1
0.418985277414,0.1
0.442902445793,0.1
0.45657145977,0.1
0.416356384754,0.1
0.424533814192,0.1
0.373196780682,0.1
0.428273916245,0.1
0.406578868628,0.1
0.407210409641,0.1
0.415034383535,0.1
0.408936172724,0.1
0.391608119011,0.1
0.454411536455,0.1
0.433728247881,0.1
0.416325837374,0.1
0.379519939423,0.1
0.435062557459,0.1
0.485628604889,0.1
0.438744217157,0.1
0.394158124924,0.1
0.426467955112,0.1
0.39286968112,0.1
0.41570353508,0.1
0.434547305107,0.1
0.415014714003,0.1
0.455012083054,0.1
0.430722266436,0.1
0.450170278549,0.1
0.465923428535,0.1
0.42347663641,0.1
0.468515455723,0.1
0.425179213285,0.1
0.409904837608,0.1
0.417055606842,0.1
0.433610260487,0.1
0.41452050209,0.1
0.444864213467,0.1
0.452582716942,0.1
0.455177098513,0.1
0.403435647488,0.1
0.421533018351,0.1
0.440400421619,0.1
0.441743165255,0.1
0.434644073248,0.1
0.443217068911,0.1
0.4292730093,0.1
0.400044828653,0.1
0.402492761612,0.1
0.435037821531,0.1
0.403662025928,0.1
0.440228760242,0.1
0.400163531303,0.1
0.452411711216,0.1
0.43118929863,0.1
0.439406275749,0.1
0.424964874983,0.1
0.417443394661,0.1
0.411834925413,0.1
0.410912394524,0.1
0.385042876005,0.1
0.417384237051,0.1
0.459058851004,0.1
0.383427470922,0.1
0.38764128089,0.1
0.414452791214,0.1
0.42678809166,0.1
0.445425480604,0.1
0.46803855896,0.1
0.420790225267,0.1
0.429333120584,0.1
0.472471952438,0.1
0.471967548132,0.1
0.428366243839,0.1
0.408723711967,0.1
0.400970935822,0.1
0.393958628178,0.1
0.415659099817,0.1
0.391625344753,0.1
0.411497831345,0.1
0.417931497097,0.1
0.448189377785,0.1
0.483554780483,0.1
0.441216647625,0.1
0.421201914549,0.1
0.40377253294,0.1
0.40178745985,0.1
0.411675333977,0.1
0.413252443075,0.1
0.39211410284,0.1
0.405841231346,0.1
0.422382712364,0.1
0.405234605074,0.1
0.432435780764,0.1
0.456952214241,0.1
0.412379533052,0.1
0.416627287865,0.1
0.440553218126,0.1
0.429035663605,0.1
0.410221219063,0.1
0.464220881462,0.1
0.441984474659,0.1
0.403958201408,0.1
0.403616249561,0.1
0.414263039827,0.1
0.436581492424,0.1
0.41279938817,0.1
0.452600687742,0.1
0.45934343338,0.1
0.404364675283,0.1
0.450813770294,0.1
0.436039656401,0.1
0.420642703772,0.1
0.455285966396,0.1
0.458437532187,0.1
0.428843170404,0.1
0.392618507147,0.1
0.442626625299,0.1
0.422309666872,0.1
0.44280603528,0.1
0.460330069065,0.1
0.413031280041,0.1
0.427787572145,0.1
0.457533717155,0.1
0.464055120945,0.1
0.401938736439,0.1
0.404888808727,0.1
0.434973925352,0.1
0.385161489248,0.1
0.428137600422,0.1
0.465780496597,0.1
0.360382884741,0.1
0.428800493479,0.1
0.42294973135,0.1
0.459690243006,0.1
0.415007054806,0.1
0.395840793848,0.1
0.389688849449,0.1
0.416195183992,0.1
0.4175606668,0.1
0.414399236441,0.1
0.470099031925,0.1
0.382122427225,0.1
0.45154735446,0.1
0.449372470379,0.1
0.394314557314,0.1
0.421566456556,0.1
0.446358948946,0.1
0.427198171616,0.1
0.401430010796,0.1
0.462022602558,0.1
0.448104798794,0.1
0.405342578888,0.1
0.443817198277,0.1
0.434470027685,0.1
0.408946990967,0.1
0.412836521864,0.1
0.426547467709,0.1
0.406848937273,0.1
0.397912949324,0.1
0.425176143646,0.1
0.407219082117,0.1
0.435360491276,0.1
0.442073196173,0.1
0.387653529644,0.1
0.429205030203,0.1
0.467008978128,0.1
0.404005497694,0.1
0.41032910347,0.1
0.417329341173,0.1
0.434798419476,0.1
0.437589555979,0.1
0.47171241045,0.1
0.440543323755,0.1
0.434523820877,0.1
0.410591959953,0.1
0.441292643547,0.1
0.410223394632,0.1
0.433403581381,0.1
0.384523868561,0.1
0.383576214314,0.1
0.459465146065,0.1
0.442312121391,0.1
0.445250570774,0.1
0.466566056013,0.1
0.454051136971,0.1
0.472225725651,0.1
0.426828593016,0.1
0.446995764971,0.1
0.435520082712,0.1
0.443510264158,0.1
0.417414486408,0.1
0.383727371693,0.1
0.439521998167,0.1
0.478017807007,0.1
0.454477936029,0.1
0.459095090628,0.1
0.421990662813,0.1
0.450395852327,0.1
0.422284573317,0.1
0.4612878263,0.1
0.403434067965,0.1
0.399562776089,0.1
0.442042052746,0.1
0.426330864429,0.1
0.420745581388,0.1
0.450814157724,0.1
0.411793082952,0.1
0.467479586601,0.1
0.469740241766,0.1
0.435602396727,0.1
0.412958800793,0.1
0.431498527527,0.1
0.444162398577,0.1
0.443249285221,0.1
0.454288542271,0.1
0.446759343147,0.1
0.442725300789,0.1
0.442440479994,0.1
0.474942177534,0.1
0.462107986212,0.1
0.441844642162,0.1
0.441958487034,0.1
0.424231916666,0.1
0.448413401842,0.1
0.424631118774,0.1
0.446177482605,0.1
0.451310783625,0.1
0.435211241245,0.1
0.448589831591,0.1
0.398278385401,0.1
0.440403699875,0.1
0.430001080036,0.1
0.412355661392,0.1
0.425267726183,0.1
0.421133071184,0.1
0.408247560263,0.1
0.42419230938,0.1
0.4046395123,0.1
0.413926243782,0.1
0.42172601819,0.1
0.435543298721,0.1
0.399217367172,0.1
0.466695874929,0.1
0.414647638798,0.1
0.434569269419,0.1
0.392793715,0.1
0.403958201408,0.1
0.418656736612,0.1
0.442129284143,0.1
0.43626922369,0.1
0.415113776922,0.1
0.441307753325,0.1
0.40347507596,0.1
0.408659338951,0.1
0.403344392776,0.1
0.407884955406,0.1
0.382052063942,0.1
0.381858706474,0.1
0.398389041424,0.1
0.351799190044,0.1
0.38046887517,0.1
0.370085060596,0.1
0.36292129755,0.1
0.365843683481,0.1
0.374262809753,0.1
0.345436543226,0.1
0.370443284512,0.1
0.361883401871,0.1
0.348265469074,0.1
0.355744302273,0.1
0.360545039177,0.1
0.362265020609,0.1
0.378297537565,0.1
0.357727259398,0.1
0.368389457464,0.1
0.373352319002,0.1
0.340576320887,0.1
0.353588163853,0.1
0.350495606661,0.1
0.344698369503,0.1
0.381592661142,0.1
0.377171993256,0.1
0.362853854895,0.1
0.377274125814,0.1
0.374191015959,0.1
0.369416534901,0.1
0.358609825373,0.1
0.361724644899,0.1
0.36696228385,0.1
0.349870711565,0.1
0.356734335423,0.1
0.375001490116,0.1
0.368442595005,0.1
0.36049374938,0.1
0.390845507383,0.1
0.383069068193,0.1
0.392599284649,0.1
0.38449883461,0.1
0.369820654392,0.1
0.361564993858,0.1
0.371132284403,0.1
0.357313871384,0.1
0.356152355671,0.1
0.378500491381,0.1
0.371947228909,0.1
0.373997479677,0.1
0.380763232708,0.1
0.38423115015,0.1
0.350378632545,0.1
0.360973864794,0.1
0.348918437958,0.1
0.376911193132,0.1
0.377472192049,0.1
0.372497498989,0.1
0.359316587448,0.1
0.375297993422,0.1
0.381804704666,0.1
0.352968335152,0.1
0.368563443422,0.1
0.383690029383,0.1
0.375688165426,0.1
0.375085830688,0.1
0.375170767307,0.1
0.362931162119,0.1
0.376722246408,0.1
0.388273656368,0.1
0.364944666624,0.1
0.392423272133,0.1
0.367684036493,0.1
0.375598549843,0.1
0.380146861076,0.1
0.357624441385,0.1
0.354583978653,0.1
0.377235382795,0.1
0.377863675356,0.1
0.386778980494,0.1
0.330180346966,0.1
0.371436417103,0.1
0.375619649887,0.1
0.36593323946,0.1
0.362849354744,0.1
0.378106683493,0.1
0.379492849112,0.1
0.374640494585,0.1
0.375946313143,0.1
0.347082793713,0.1
0.364966034889,0.1
0.367682754993,0.1
0.36701464653,0.1
0.383063793182,0.1
0.344425022602,0.1
0.353835314512,0.1
0.358611613512,0.1
0.354418933392,0.1
0.357581526041,0.1
0.338386774063,0.1
0.364977061749,0.1
0.358459979296,0.1
0.382175594568,0.1
0.374553143978,0.1
0.364378064871,0.1
0.373703181744,0.1
0.351684212685,0.1
0.383255451918,0.1
0.353323549032,0.1
0.353381723166,0.1
0.35204064846,0.1
0.366502791643,0.1
0.351434320211,0.1
0.376599431038,0.1
0.354364305735,0.1
0.376105189323,0.1
0.373977512121,0.1
0.359636873007,0.1
0.347037255764,0.1
0.375154852867,0.1
0.363874644041,0.1
0.36276653409,0.1
0.370882511139,0.1
0.378070503473,0.1
0.3862426579,0.1
0.380024343729,0.1
0.371948182583,0.1
0.359101325274,0.1
0.374229311943,0.1
0.384761095047,0.1
0.370728284121,0.1
0.360644966364,0.1
0.370640456676,0.1
0.373368680477,0.1
0.4118950665,0.1
0.395680785179,0.1
0.420619606972,0.1
0.411183446646,0.1
0.388325065374,0.1
0.394026219845,0.1
0.399438470602,0.1
0.393000364304,0.1
0.388644367456,0.1
0.38437590003,0.1
0.400898337364,0.1
0.393304526806,0.1
0.39857083559,0.1
0.406446009874,0.1
0.37273862958,0.1
0.380776792765,0.1
0.401480168104,0.1
0.392513900995,0.1
0.374316900969,0.1
0.38568598032,0.1
0.402315348387,0.1
0.385416507721,0.1
0.400065779686,0.1
0.40080177784,0.1
0.400572001934,0.1
0.392260104418,0.1
0.388320952654,0.1
0.388863861561,0.1
0.399505704641,0.1
0.38440194726,0.1
0.38781735301,0.1
0.392187863588,0.1
0.408877849579,0.1
0.388150423765,0.1
0.39737907052,0.1
0.379799693823,0.1
0.4118475914,0.1
0.406398594379,0.1
0.414693206549,0.1
0.387720555067,0.1
0.388586193323,0.1
0.389326453209,0.1
0.391063898802,0.1
0.398151278496,0.1
0.402395159006,0.1
0.41261407733,0.1
0.380244165659,0.1
0.404098510742,0.1
0.379570245743,0.1
0.38933929801,0.1
0.399031162262,0.1
0.373005270958,0.1
0.397688508034,0.1
0.388627380133,0.1
0.427050024271,0.1
0.391891807318,0.1
0.403123110533,0.1
0.400784671307,0.1
0.412165224552,0.1
0.401031821966,0.1
0.38147175312,0.1
0.394379526377,0.1
0.380228877068,0.1
0.403720080853,0.1
0.392893284559,0.1
0.406418859959,0.1
0.41622120142,0.1
0.410512179136,0.1
0.391189515591,0.1
0.395170092583,0.1
0.404264628887,0.1
0.410121202469,0.1
0.387606739998,0.1
0.404499024153,0.1
0.39612787962,0.1
0.390550941229,0.1
0.406815618277,0.1
0.402287304401,0.1
0.39821267128,0.1
0.409233093262,0.1
0.412634700537,0.1
0.400906056166,0.1
0.400698125362,0.1
0.417497515678,0.1
0.409585177898,0.1
0.398375749588,0.1
0.418428063393,0.1
0.398251086473,0.1
0.428131103516,0.1
0.411539167166,0.1
0.416921526194,0.1
0.408595323563,0.1
0.414538234472,0.1
0.423393398523,0.1
0.415786147118,0.1
0.407000899315,0.1
0.404924631119,0.1
0.39908733964,0.1
0.418043106794,0.1
0.402932971716,0.1
0.421925783157,0.1
0.396565407515,0.1
0.392430603504,0.1
0.416195213795,0.1
0.387779563665,0.1
0.393469393253,0.1
0.384007662535,0.1
0.402766883373,0.1
0.393879264593,0.1
0.397356361151,0.1
0.398441553116,0.1
0.409692168236,0.1
0.395895570517,0.1
0.383347541094,0.1
0.386943250895,0.1
0.38707023859,0.1
0.393137007952,0.1
0.395553827286,0.1
0.38876926899,0.1
0.38690623641,0.1
0.378759771585,0.1
0.371100902557,0.1
0.394843786955,0.1
0.372740447521,0.1
0.387831419706,0.1
0.378770232201,0.1
0.387318491936,0.1
0.376815378666,0.1
0.378526061773,0.1
0.365077674389,0.1
0.387141078711,0.1
0.377832889557,0.1
0.372999161482,0.1
0.36766448617,0.1
0.380463153124,0.1
0.353269070387,0.1
0.357311159372,0.1
0.360235452652,0.1
0.35638949275,0.1
0.366267263889,0.1
0.371206492186,0.1
0.366193652153,0.1
0.363433122635,0.1
0.344270825386,0.1
0.375901818275,0.1
0.360831260681,0.1
0.372635543346,0.1
0.364829659462,0.1
0.369414955378,0.1
0.352252215147,0.1
0.352027148008,0.1
0.371730923653,0.1
0.360176950693,0.1
0.340550869703,0.1
0.352437585592,0.1
0.345328599215,0.1
0.338649481535,0.1
0.345369666815,0.1
0.322316020727,0.1
0.3399079144,0.1
0.334081470966,0.1
0.33750513196,0.1
0.33736500144,0.1
0.332309812307,0.1
0.347438693047,0.1
0.337968140841,0.1
0.328601390123,0.1
0.338601261377,0.1
0.333314567804,0.1
0.331354260445,0.1
0.335912197828,0.1
0.327974647284,0.1
0.352409631014,0.1
0.331759572029,0.1
0.356311053038,0.1
0.344744414091,0.1
0.349242597818,0.1
0.346157699823,0.1
0.335323959589,0.1
0.339495420456,0.1
0.344147443771,0.1
0.340722292662,0.1
0.350610673428,0.1
0.332711577415,0.1
0.343651503325,0.1
0.329027235508,0.1
0.342920958996,0.1
0.330817162991,0.1
0.325948566198,0.1
0.326165705919,0.1
0.317304849625,0.1
0.327557742596,0.1
0.317654162645,0.1
0.310063898563,0.1
0.356225401163,0.1
0.350006937981,0.1
0.345735251904,0.1
0.330184936523,0.1
0.337856501341,0.1
0.332880973816,0.1
0.337357878685,0.1
0.337779521942,0.1
0.336615175009,0.1
0.348466128111,0.1
0.360339015722,0.1
0.35102185607,0.1
0.34422519803,0.1
0.342200785875,0.1
0.362220972776,0.1
0.345046550035,0.1
0.353084474802,0.1
0.339258134365,0.1
0.343431323767,0.1
0.352305531502,0.1
0.341548621655,0.1
0.348986506462,0.1
0.356252580881,0.1
0.355625510216,0.1
0.362966030836,0.1
0.341565400362,0.1
0.346945941448,0.1
0.343616187572,0.1
0.355780780315,0.1
0.350595474243,0.1
0.347064226866,0.1
0.342572271824,0.1
0.338420331478,0.1
0.347718805075,0.1
0.345102161169,0.1
0.342420756817,0.1
0.350123614073,0.1
0.324989587069,0.1
0.333650439978,0.1
0.327298730612,0.1
0.344002634287,0.1
0.328464657068,0.1
0.345950335264,0.1
0.366296738386,0.1
0.327082663774,0.1
0.345735132694,0.1
0.335756957531,0.1
0.341845810413,0.1
0.33074015379,0.1
0.336873143911,0.1
0.331586420536,0.1
0.327146351337,0.1
0.346874952316,0.1
0.328559041023,0.1
0.337717533112,0.1
0.322044819593,0.1
0.33318156004,0.1
0.326173812151,0.1
0.3213750422,0.1
0.318115532398,0.1
0.32439276576,0.1
0.326063275337,0.1
0.33354511857,0.1
0.334589481354,0.1
0.338532835245,0.1
0.322869241238,0.1
0.335390031338,0.1
0.325052589178,0.1
0.313273817301,0.1
0.329792022705,0.1
0.310537278652,0.1
0.32740342617,0.1
0.324000418186,0.1
0.318407326937,0.1
0.311106652021,0.1
0.336564570665,0.1
0.318685203791,0.1
0.331420660019,0.1
0.325349509716,0.1
0.322728604078,0.1
0.309699177742,0.1
0.306961089373,0.1
0.30531078577,0.1
0.317979931831,0.1
0.307011425495,0.1
0.334635078907,0.1
0.328054696321,0.1
0.328470528126,0.1
0.33633595705,0.1
0.343615025282,0.1
0.327638149261,0.1
0.316005587578,0.1
0.321785867214,0.1
0.342524975538,0.1
0.336081653833,0.1
0.314761668444,0.1
0.324333190918,0.1
0.315038323402,0.1
0.336393386126,0.1
0.322101354599,0.1
0.336277902126,0.1
0.324860990047,0.1
0.322110950947,0.1
0.3444468081,0.1
0.328706562519,0.1
0.330489426851,0.1
0.344855457544,0.1
0.333721131086,0.1
0.321619391441,0.1
0.334356725216,0.1
0.335941195488,0.1
0.341049134731,0.1
0.331694841385,0.1
0.327853530645,0.1
0.329926580191,0.1
0.337326824665,0.1
0.328393101692,0.1
0.323439598083,0.1
0.325456440449,0.1
0.304460763931,0.1
0.331052988768,0.1
0.318727761507,0.1
0.327622711658,0.1
0.31357806921,0.1
0.32549276948,0.1
0.333686441183,0.1
0.319546937943,0.1
0.329298317432,0.1
0.312369972467,0.1
0.330627650023,0.1
0.33072924614,0.1
0.330076664686,0.1
0.322798341513,0.1
0.338183939457,0.1
0.327408075333,0.1
0.316838473082,0.1
0.324393779039,0.1
0.332611203194,0.1
0.306332439184,0.1
0.302949637175,0.1
0.318226128817,0.1
0.329374611378,0.1
0.335231840611,0.1
0.321862101555,0.1
0.319166779518,0.1
0.331879377365,0.1
0.317876905203,0.1
0.319875299931,0.1
0.328139096498,0.1
0.310934841633,0.1
0.32409453392,0.1
0.34315726161,0.1
0.348821789026,0.1
0.334127992392,0.1
0.329352706671,0.1
0.321245074272,0.1
0.322710990906,0.1
0.331406623125,0.1
0.321144968271,0.1
0.319370418787,0.1
0.323902606964,0.1
0.345359623432,0.1
0.34226077795,0.1
0.334090262651,0.1
0.324786812067,0.1
0.322324573994,0.1
0.326653331518,0.1
0.337178856134,0.1
0.332214921713,0.1
0.327633202076,0.1
0.328035861254,0.1
0.349440425634,0.1
0.328567564487,0.1
0.35222786665,0.1
0.331421017647,0.1
0.335477143526,0.1
0.334441274405,0.1
0.326718628407,0.1
0.335729390383,0.1
0.339038044214,0.1
0.326595157385,0.1
0.339309483767,0.1
0.322524607182,0.1
0.333934694529,0.1
0.31478920579,0.1
0.337747901678,0.1
0.328678548336,0.1
0.32844632864,0.1
0.318153053522,0.1
0.332961767912,0.1
0.34180983901,0.1
0.324932605028,0.1
0.30914208293,0.1
0.307518005371,0.1
0.318269729614,0.1
0.332168489695,0.1
0.335873603821,0.1
0.323716819286,0.1
0.328968197107,0.1
0.32688203454,0.1
0.330941677094,0.1
0.318701058626,0.1
0.314817488194,0.1
0.318050682545,0.1
0.327404111624,0.1
0.32602006197,0.1
0.32069593668,0.1
0.323658525944,0.1
0.315941274166,0.1
0.321293115616,0.1
0.326706171036,0.1
0.328469485044,0.1
0.312958478928,0.1
0.322182744741,0.1
0.316820561886,0.1
0.340814590454,0.1
0.333566725254,0.1
0.350609213114,0.1
0.336499452591,0.1
0.350504219532,0.1
0.335164785385,0.1
0.340642184019,0.1
0.334002703428,0.1
0.337202906609,0.1
0.333608239889,0.1
0.335983455181,0.1
0.33222836256,0.1
0.325785011053,0.1
0.346494227648,0.1
0.33629232645,0.1
0.337424069643,0.1
0.320687383413,0.1
0.322596043348,0.1
0.328109115362,0.1
0.324059724808,0.1
0.352387577295,0.1
0.337731748819,0.1
0.326869279146,0.1
0.348017603159,0.1
0.355606466532,0.1
0.349635928869,0.1
0.360735446215,0.1
0.347661972046,0.1
0.355498224497,0.1
0.334643632174,0.1
0.338675379753,0.1
0.343526661396,0.1
0.361641585827,0.1
0.343970447779,0.1
0.347776710987,0.1
0.33266800642,0.1
0.329232424498,0.1
0.337877035141,0.1
0.351630121469,0.1
0.345732420683,0.1
0.359204977751,0.1
0.342705190182,0.1
0.331170290709,0.1
0.347275346518,0.1
0.344504773617,0.1
0.33773252368,0.1
0.347702294588,0.1
0.345739543438,0.1
0.338011622429,0.1
0.372623085976,0.1
0.333213597536,0.1
0.331316709518,0.1
0.350680351257,0.1
0.343448907137,0.1
0.335528701544,0.1
0.34902971983,0.1
0.351451188326,0.1
0.331996142864,0.1
0.340123265982,0.1
0.34809756279,0.1
0.337932765484,0.1
0.357898116112,0.1
0.324011325836,0.1
0.349284768105,0.1
0.332340240479,0.1
0.335055410862,0.1
0.346658557653,0.1
0.339525640011,0.1
0.33700710535,0.1
0.341608017683,0.1
0.327862650156,0.1
0.324914544821,0.1
0.354159235954,0.1
0.337863117456,0.1
0.358289778233,0.1
0.345420986414,0.1
0.348585993052,0.1
0.354403436184,0.1
0.341350287199,0.1
0.331479549408,0.1
0.335196077824,0.1
0.34035924077,0.1
0.346036761999,0.1
0.333487123251,0.1
0.334028661251,0.1
0.324456006289,0.1
0.337931960821,0.1
0.358737975359,0.1
0.340656459332,0.1
0.343653917313,0.1
0.352043181658,0.1
0.360790014267,0.1
0.355333328247,0.1
0.342894732952,0.1
0.364469826221,0.1
0.35214972496,0.1
0.368341356516,0.1
0.335651814938,0.1
0.345118910074,0.1
0.35105702281,0.1
0.339801639318,0.1
0.350520014763,0.1
0.356237918139,0.1
0.352027535439,0.1
0.354078620672,0.1
0.34931692481,0.1
0.341690719128,0.1
0.334693163633,0.1
0.339134961367,0.1
0.362182766199,0.1
0.347372114658,0.1
0.339741259813,0.1
0.34705016017,0.1
0.348983317614,0.1
0.351414531469,0.1
0.350079894066,0.1
0.340760320425,0.1
0.340786218643,0.1
0.343827039003,0.1
0.361529678106,0.1
0.346276909113,0.1
0.343743592501,0.1
0.335361629725,0.1
0.35661137104,0.1
0.3294506073,0.1
0.338625788689,0.1
0.348164051771,0.1
0.332521647215,0.1
0.344761490822,0.1
0.353168010712,0.1
0.331509560347,0.1
0.341244995594,0.1
0.345971047878,0.1
0.33238273859,0.1
0.340458452702,0.1
0.343986988068,0.1
0.351181566715,0.1
0.339757114649,0.1
0.367313295603,0.1
0.350016325712,0.1
0.350334703922,0.1
0.360900521278,0.1
0.346931815147,0.1
0.341570556164,0.1
0.323336720467,0.1
0.335927277803,0.1
0.332987159491,0.1
0.331516057253,0.1
0.317423313856,0.1
0.332935392857,0.1
0.331902146339,0.1
0.335018008947,0.1
0.328111082315,0.1
0.335969120264,0.1
0.333969593048,0.1
0.336539536715,0.1
0.34003457427,0.1
0.338216006756,0.1
0.339599132538,0.1
0.330800414085,0.1
0.344956606627,0.1
0.343681961298,0.1
0.346192955971,0.1
0.352289110422,0.1
0.341128230095,0.1
0.34939327836,0.1
0.350655555725,0.1
0.335307300091,0.1
0.333483636379,0.1
0.342408150434,0.1
0.343517899513,0.1
0.360118180513,0.1
0.358852237463,0.1
0.341251641512,0.1
0.344534575939,0.1
0.340975821018,0.1
0.343762397766,0.1
0.323961168528,0.1
0.346436530352,0.1
0.344980031252,0.1
0.33493360877,0.1
0.351271688938,0.1
0.351364374161,0.1
0.355422377586,0.1
0.340968370438,0.1
0.33816665411,0.1
0.351154714823,0.1
0.361688584089,0.1
0.355128526688,0.1
0.349514484406,0.1
0.345205813646,0.1
0.349132239819,0.1
0.344326853752,0.1
0.343776166439,0.1
0.339356005192,0.1
0.35166695714,0.1
0.331517845392,0.1
0.342788219452,0.1
0.337140202522,0.1
0.335804790258,0.1
0.336287230253,0.1
0.343105077744,0.1
0.339263767004,0.1
0.337930083275,0.1
0.34089577198,0.1
0.334117770195,0.1
0.34400498867,0.1
0.337922781706,0.1
0.342541337013,0.1
0.354140460491,0.1
0.361609876156,0.1
0.359290927649,0.1
0.366251587868,0.1
0.343131363392,0.1
0.342914700508,0.1
0.330419510603,0.1
0.33950060606,0.1
0.333212316036,0.1
0.33104750514,0.1
0.340656965971,0.1
0.351146787405,0.1
0.331403613091,0.1
0.335625976324,0.1
0.324330478907,0.1
0.334150850773,0.1
0.323963731527,0.1
0.323926687241,0.1
0.333793699741,0.1
0.314010947943,0.1
0.327373474836,0.1
0.334848701954,0.1
0.326278418303,0.1
0.349791496992,0.1
0.305944025517,0.1
0.332772493362,0.1
0.334063589573,0.1
0.340100556612,0.1
0.327399015427,0.1
0.326795399189,0.1
0.327806144953,0.1
0.333701699972,0.1
0.33931607008,0.1
0.325589865446,0.1
0.335898995399,0.1
0.32518273592,0.1
0.328777462244,0.1
0.322961419821,0.1
0.328938156366,0.1
0.325613826513,0.1
0.326118499041,0.1
0.315252006054,0.1
0.317552685738,0.1
0.319537073374,0.1
0.309670299292,0.1
0.321873158216,0.1
0.31782323122,0.1
0.324972897768,0.1
0.309103280306,0.1
0.328708559275,0.1
0.326146870852,0.1
0.323046833277,0.1
0.332725971937,0.1
0.327218830585,0.1
0.346288233995,0.1
0.320747226477,0.1
0.322083175182,0.1
0.342997670174,0.1
0.331964045763,0.1
0.33957156539,0.1
0.341365784407,0.1
0.327705234289,0.1
0.327895909548,0.1
0.327736496925,0.1
0.327909767628,0.1
0.321127057076,0.1
0.321357756853,0.1
0.327355235815,0.1
0.33723282814,0.1
0.321794182062,0.1
0.328260332346,0.1
0.33536913991,0.1
0.324678570032,0.1
0.325600892305,0.1
0.324332654476,0.1
0.330331474543,0.1
0.324515104294,0.1
0.325375407934,0.1
0.330714285374,0.1
0.339135617018,0.1
0.307118207216,0.1
0.333769738674,0.1
0.322109550238,0.1
0.322747081518,0.1
0.327048480511,0.1
0.319363862276,0.1
0.330744415522,0.1
0.306673765182,0.1
0.31565284729,0.1
0.312861889601,0.1
0.317733943462,0.1
0.32523843646,0.1
0.323515892029,0.1
0.324521541595,0.1
0.350052535534,0.1
0.328120738268,0.1
0.346754789352,0.1
0.331808805466,0.1
0.325371325016,0.1
0.322045981884,0.1
0.349908202887,0.1
0.331535428762,0.1
0.343234539032,0.1
0.328940272331,0.1
0.344019442797,0.1
0.346968978643,0.1
0.339773327112,0.1
0.339965760708,0.1
0.328040987253,0.1
0.337690114975,0.1
0.326652407646,0.1
0.324851453304,0.1
0.338617444038,0.1
0.331843823195,0.1
0.349621027708,0.1
0.351979285479,0.1
0.326587259769,0.1
0.329434126616,0.1
0.331559330225,0.1
0.338040441275,0.1
0.33080881834,0.1
0.350142508745,0.1
0.352550148964,0.1
0.358988702297,0.1
0.341362118721,0.1
0.344476222992,0.1
0.330546528101,0.1
0.347710847855,0.1
0.348397552967,0.1
0.346499532461,0.1
0.344123572111,0.1
0.330264538527,0.1
0.332012951374,0.1
0.360373497009,0.1
0.336070150137,0.1
0.337953805923,0.1
0.327610731125,0.1
0.330205082893,0.1
0.322901278734,0.1
0.341275840998,0.1
0.325357824564,0.1
0.323596924543,0.1
0.349464476109,0.1
0.348645955324,0.1
0.33201238513,0.1
0.32168251276,0.1
0.337622523308,0.1
0.32738634944,0.1
0.332057952881,0.1
0.327698349953,0.1
0.322678565979,0.1
0.352950930595,0.1
0.336596995592,0.1
0.343207061291,0.1
0.339398562908,0.1
0.335706055164,0.1
0.341017842293,0.1
0.361268788576,0.1
0.340723484755,0.1
0.353457033634,0.1
0.354484170675,0.1
0.351699143648,0.1
0.343007445335,0.1
0.338056653738,0.1
0.361755043268,0.1
0.341488331556,0.1
0.353252023458,0.1
0.355927735567,0.1
0.329419493675,0.1
0.328568547964,0.1
0.334389656782,0.1
0.331067949533,0.1
0.338743627071,0.1
0.322927892208,0.1
0.334779292345,0.1
0.339055120945,0.1
0.351930588484,0.1
0.344887375832,0.1
0.352994143963,0.1
0.340560972691,0.1
0.332432985306,0.1
0.338807851076,0.1
0.345543801785,0.1
0.339431792498,0.1
0.356570959091,0.1
0.345841020346,0.1
0.34758579731,0.1
0.36164984107,0.1
0.356165707111,0.1
0.362579613924,0.1
0.343384355307,0.1
0.339425712824,0.1
0.346287220716,0.1
0.353736698627,0.1
0.333631157875,0.1
0.352099835873,0.1
0.340064466,0.1
0.35142827034,0.1
0.348142445087,0.1
0.329442560673,0.1
0.342585146427,0.1
0.350398004055,0.1
0.343883216381,0.1
0.331840574741,0.1
0.343686342239,0.1
0.322136282921,0.1
0.334431111813,0.1
0.31822296977,0.1
0.33213737607,0.1
0.339948982,0.1
0.340207844973,0.1
0.334026604891,0.1
0.341209739447,0.1
0.351129472256,0.1
0.337837845087,0.1
0.334613412619,0.1
0.337745159864,0.1
0.341866672039,0.1
0.336920022964,0.1
0.341771513224,0.1
0.328928202391,0.1
0.332945346832,0.1
0.350598573685,0.1
0.345218032598,0.1
0.327780872583,0.1
0.330289870501,0.1
0.336553871632,0.1
0.334159910679,0.1
0.340957015753,0.1
0.34104424715,0.1
0.332510769367,0.1
0.32878690958,0.1
0.333491832018,0.1
0.347293168306,0.1
0.334924280643,0.1
0.33357962966,0.1
0.341339558363,0.1
0.339839696884,0.1
0.317043453455,0.1
0.337314337492,0.1
0.33159160614,0.1
0.34108170867,0.1
0.330615460873,0.1
0.329762369394,0.1
0.347264736891,0.1
0.320935934782,0.1
0.322914361954,0.1
0.316830098629,0.1
0.318681329489,0.1
0.312416166067,0.1
0.336256593466,0.1
0.324979245663,0.1
0.334585905075,0.1
0.331134140491,0.1
0.366666585207,0.1
0.339710891247,0.1
0.345112532377,0.1
0.339266031981,0.1
0.3196811378,0.1
0.325866580009,0.1
0.342510700226,0.1
0.347775906324,0.1
0.362254232168,0.1
0.344542056322,0.1
0.339762479067,0.1
0.340565621853,0.1
0.320702701807,0.1
0.330666512251,0.1
0.33340626955,0.1
0.326755821705,0.1
0.333173513412,0.1
0.32229590416,0.1
0.324220567942,0.1
0.339738845825,0.1
0.342424154282,0.1
0.343558400869,0.1
0.320169329643,0.1
0.338361531496,0.1
0.326266109943,0.1
0.332818299532,0.1
0.330002009869,0.1
0.337244272232,0.1
0.332125902176,0.1
0.329115957022,0.1
0.34371188283,0.1
0.34124237299,0.1
0.336098641157,0.1
0.336331665516,0.1
0.328949779272,0.1
0.327269732952,0.1
0.341054618359,0.1
0.343986928463,0.1
0.347767561674,0.1
0.330277830362,0.1
0.339531719685,0.1
0.321902394295,0.1
0.346535980701,0.1
0.340939998627,0.1
0.333546698093,0.1
0.341761827469,0.1
0.351838380098,0.1
0.337439984083,0.1
0.336513280869,0.1
0.346042066813,0.1
0.337726742029,0.1
0.328230470419,0.1
0.34916099906,0.1
0.334418058395,0.1
0.345438271761,0.1
0.344713956118,0.1
0.361051887274,0.1
0.34208253026,0.1
0.346493840218,0.1
0.341106802225,0.1
0.351429671049,0.1
0.335115402937,0.1
0.349574834108,0.1
0.33765900135,0.1
0.348310947418,0.1
0.342035114765,0.1
0.335580706596,0.1
0.338608831167,0.1
0.337231993675,0.1
0.323031246662,0.1
0.324322760105,0.1
0.330615341663,0.1
0.345431864262,0.1
0.32919177413,0.1
0.34571620822,0.1
0.32109823823,0.1
0.341707140207,0.1
0.33535194397,0.1
0.329261690378,0.1
0.330320030451,0.1
0.33800983429,0.1
0.320193171501,0.1
0.336140960455,0.1
0.332111001015,0.1
0.329339683056,0.1
0.336393624544,0.1
0.352556318045,0.1
0.341161757708,0.1
0.329923242331,0.1
0.324093997478,0.1
0.335832506418,0.1
0.334299355745,0.1
0.332974523306,0.1
0.327374637127,0.1
0.336831927299,0.1
0.339859515429,0.1
0.335048049688,0.1
0.343710511923,0.1
0.342359513044,0.1
0.332240700722,0.1
0.342530786991,0.1
0.345007687807,0.1
0.338709443808,0.1
0.34196934104,0.1
0.336397975683,0.1
0.336583733559,0.1
0.346569150686,0.1
0.351557075977,0.1
0.343830615282,0.1
0.335183382034,0.1
0.347870886326,0.1
0.325735330582,0.1
0.343781501055,0.1
0.340473651886,0.1
0.347871750593,0.1
0.340522617102,0.1
0.341103255749,0.1
0.340413272381,0.1
0.341055035591,0.1
0.327789247036,0.1
0.335396647453,0.1
0.340095460415,0.1
0.333825260401,0.1
0.336874753237,0.1
0.341696381569,0.1
0.327854156494,0.1
0.334090352058,0.1
0.342463463545,0.1
0.344314008951,0.1
0.350077867508,0.1
0.345284104347,0.1
0.350821435452,0.1
0.33848208189,0.1
0.356805115938,0.1
0.355377346277,0.1
0.354525715113,0.1
0.343310266733,0.1
0.348320037127,0.1
0.321668565273,0.1
0.344585627317,0.1
0.328975826502,0.1
0.346851974726,0.1
0.34154817462,0.1
0.338255852461,0.1
0.347087472677,0.1
0.325836360455,0.1
0.339433550835,0.1
0.345238685608,0.1
0.341385364532,0.1
0.334110230207,0.1
0.33522182703,0.1
0.347774744034,0.1
0.341321349144,0.1
0.349313914776,0.1
0.339854776859,0.1
0.336685240269,0.1
0.337836533785,0.1
0.340236097574,0.1
0.337769925594,0.1
0.351016134024,0.1
0.338806450367,0.1
0.333497881889,0.1
0.339369148016,0.1
0.344190210104,0.1
0.341337442398,0.1
0.336401551962,0.1
0.33840456605,0.1
0.331825375557,0.1
0.330591619015,0.1
0.341866701841,0.1
0.349718928337,0.1
0.333467692137,0.1
0.340275943279,0.1
0.343164592981,0.1
0.346313267946,0.1
0.346369922161,0.1
0.347917795181,0.1
0.341175049543,0.1
0.333610892296,0.1
0.349160075188,0.1
0.324872851372,0.1
0.331986308098,0.1
0.338233858347,0.1
0.330633729696,0.1
0.343734204769,0.1
0.338661044836,0.1
0.328492730856,0.1
0.341435521841,0.1
0.341555118561,0.1
0.338117688894,0.1
0.335169017315,0.1
0.341693073511,0.1
0.334033310413,0.1
0.359603434801,0.1
0.346316963434,0.1
0.329464763403,0.1
0.339142471552,0.1
0.334408968687,0.1
0.339796692133,0.1
0.358985155821,0.1
0.34864667058,0.1
0.347251713276,0.1
0.342040985823,0.1
0.344421565533,0.1
0.341688454151,0.1
0.331341743469,0.1
0.343080818653,0.1
0.343091666698,0.1
0.363198816776,0.1
0.349933952093,0.1
0.33603310585,0.1
0.333842873573,0.1
0.36103656888,0.1
0.353554666042,0.1
0.356878966093,0.1
0.339463055134,0.1
0.343264341354,0.1
0.347304016352,0.1
0.345763623714,0.1
0.341547816992,0.1
0.339642554522,0.1
0.351231068373,0.1
0.347641736269,0.1
0.343486398458,0.1
0.343648552895,0.1
0.349912345409,0.1
0.342639178038,0.1
0.32175886631,0.1
0.340608000755,0.1
0.344039976597,0.1
0.338951438665,0.1
0.340065538883,0.1
0.346677750349,0.1
0.351304620504,0.1
0.360525429249,0.1
0.349747508764,0.1
0.362469106913,0.1
0.353856950998,0.1
0.365538060665,0.1
0.349466323853,0.1
0.348994374275,0.1
0.364510953426,0.1
0.348780721426,0.1
0.332897752523,0.1
0.347475081682,0.1
0.354193121195,0.1
0.343409240246,0.1
0.348947286606,0.1
0.341360360384,0.1
0.354116439819,0.1
0.342888772488,0.1
0.358326345682,0.1
0.339757978916,0.1
0.334940373898,0.1
0.358889758587,0.1
0.352165102959,0.1
0.328448086977,0.1
0.335303544998,0.1
0.349594324827,0.1
0.355754464865,0.1
0.347584158182,0.1
0.373712837696,0.1
0.349978923798,0.1
0.345226973295,0.1
0.348904103041,0.1
0.371387958527,0.1
0.356154769659,0.1
0.36796811223,0.1
0.36235883832,0.1
0.352884799242,0.1
0.351996779442,0.1
0.3410551548,0.1
0.357994675636,0.1
0.356480896473,0.1
0.355662018061,0.1
0.353126615286,0.1
0.340417355299,0.1
0.349722474813,0.1
0.358411341906,0.1
0.361464649439,0.1
0.334666073322,0.1
0.351457566023,0.1
0.333258569241,0.1
0.356927484274,0.1
0.358942419291,0.1
0.348482519388,0.1
0.339517831802,0.1
0.357884198427,0.1
0.346095770597,0.1
0.34665375948,0.1
0.353107511997,0.1
0.344837993383,0.1
0.356342017651,0.1
0.343688637018,0.1
0.362536132336,0.1
0.353683412075,0.1
0.358124673367,0.1
0.367534995079,0.1
0.365164428949,0.1
0.350987792015,0.1
0.36016651988,0.1
0.368825167418,0.1
0.358123838902,0.1
0.355216920376,0.1
0.350993394852,0.1
0.3623701334,0.1
0.358983695507,0.1
0.346828758717,0.1
0.356244891882,0.1
0.36698743701,0.1
0.338832736015,0.1
0.360897302628,0.1
0.359557926655,0.1
0.358147859573,0.1
0.359115809202,0.1
0.348917126656,0.1
0.350412547588,0.1
0.347020089626,0.1
0.350660294294,0.1
0.356323719025,0.1
0.356989562511,0.1
0.34376513958,0.1
0.345281392336,0.1
0.347843676805,0.1
0.350733935833,0.1
0.356239944696,0.1
0.359412044287,0.1
0.349247783422,0.1
0.345660924911,0.1
0.354626178741,0.1
0.366665929556,0.1
0.359750837088,0.1
0.358459234238,0.1
0.366974234581,0.1
0.371737957001,0.1
0.371389567852,0.1
0.370625674725,0.1
0.354396313429,0.1
0.355150133371,0.1
0.35102802515,0.1
0.364109575748,0.1
0.349315851927,0.1
0.362787932158,0.1
0.350434631109,0.1
0.357386529446,0.1
0.363780230284,0.1
0.353197187185,0.1
0.360550671816,0.1
0.351893901825,0.1
0.347947388887,0.1
0.351628005505,0.1
0.346366852522,0.1
0.358111262321,0.1
0.369264155626,0.1
0.366096884012,0.1
0.355747431517,0.1
0.372199207544,0.1
0.356242060661,0.1
0.366635590792,0.1
0.354938268661,0.1
0.340003669262,0.1
0.345576375723,0.1
0.361457705498,0.1
0.356654793024,0.1
0.366353362799,0.1
0.368159890175,0.1
0.358793318272,0.1
0.368577212095,0.1
0.344804048538,0.1
0.349871248007,0.1
0.35713544488,0.1
0.364477992058,0.1
0.365294933319,0.1
0.358024418354,0.1
0.365909993649,0.1
0.359763175249,0.1
0.355494379997,0.1
0.368320226669,0.1
0.360708117485,0.1
0.35759434104,0.1
0.350864291191,0.1
0.358672857285,0.1
0.349351406097,0.1
0.342224866152,0.1
0.352891147137,0.1
0.341518968344,0.1
0.360990256071,0.1
0.376888483763,0.1
0.351160049438,0.1
0.351957827806,0.1
0.343731641769,0.1
0.334734469652,0.1
0.343992620707,0.1
0.351231247187,0.1
0.354452252388,0.1
0.339589983225,0.1
0.363094091415,0.1
0.339819133282,0.1
0.349613010883,0.1
0.345420509577,0.1
0.348543614149,0.1
0.351670175791,0.1
0.367563873529,0.1
0.36924469471,0.1
0.345250695944,0.1
0.351465672255,0.1
0.350891619921,0.1
0.355196118355,0.1
0.352102786303,0.1
0.349609255791,0.1
0.371433734894,0.1
0.366490900517,0.1
0.369972586632,0.1
0.37259888649,0.1
0.369050830603,0.1
0.351870924234,0.1
0.355351358652,0.1
0.351666778326,0.1
0.359976649284,0.1
0.357050716877,0.1
0.351348847151,0.1
0.352735042572,0.1
0.362373799086,0.1
0.35836532712,0.1
0.381132245064,0.1
0.381797939539,0.1
0.362261742353,0.1
0.379579514265,0.1
0.360013455153,0.1
0.370470404625,0.1
0.385684907436,0.1
0.348339229822,0.1
0.373107582331,0.1
0.364818066359,0.1
0.352603495121,0.1
0.370135575533,0.1
0.375654131174,0.1
0.364090174437,0.1
0.367072373629,0.1
0.354022502899,0.1
0.354841947556,0.1
0.34644189477,0.1
0.3627782166,0.1
0.361133009195,0.1
0.352657467127,0.1
0.360184103251,0.1
0.346272677183,0.1
0.361223787069,0.1
0.349378615618,0.1
0.346667259932,0.1
0.358130216599,0.1
0.357987672091,0.1
0.373610287905,0.1
0.368198096752,0.1
0.35736310482,0.1
0.349545180798,0.1
0.361649155617,0.1
0.34282836318,0.1
0.356516897678,0.1
0.35527151823,0.1
0.359575241804,0.1
0.366242319345,0.1
0.358750134706,0.1
0.359138160944,0.1
0.371562361717,0.1
0.365162193775,0.1
0.354739159346,0.1
0.353695899248,0.1
0.373905658722,0.1
0.359802782536,0.1
0.372435212135,0.1
0.363642275333,0.1
0.366993010044,0.1
0.359599262476,0.1
0.356908500195,0.1
0.354520469904,0.1
0.367555946112,0.1
0.361957073212,0.1
0.348174005747,0.1
0.355627506971,0.1
0.337914913893,0.1
0.362913489342,0.1
0.355174005032,0.1
0.36646386981,0.1
0.367151379585,0.1
0.350635379553,0.1
0.359266668558,0.1
0.354819685221,0.1
0.335109651089,0.1
0.353007405996,0.1
0.360115766525,0.1
0.355560392141,0.1
0.350123226643,0.1
0.36569994688,0.1
0.332739919424,0.1
0.340365737677,0.1
0.353917211294,0.1
0.352078855038,0.1
0.350531220436,0.1
0.350431889296,0.1
0.361610651016,0.1
0.379367738962,0.1
0.359219104052,0.1
0.358895361423,0.1
0.35993257165,0.1
0.358742237091,0.1
0.35290530324,0.1
0.369560062885,0.1
0.354419231415,0.1
0.358161538839,0.1
0.368216365576,0.1
0.356041818857,0.1
0.354094207287,0.1
0.377318531275,0.1
0.36155128479,0.1
0.360802948475,0.1
0.360915184021,0.1
0.357586324215,0.1
0.35614413023,0.1
0.367205947638,0.1
0.36012083292,0.1
0.353564739227,0.1
0.364365428686,0.1
0.369246035814,0.1
0.366167396307,0.1
0.362259358168,0.1
0.350634366274,0.1
0.365043729544,0.1
0.362884163857,0.1
0.378508806229,0.1
0.360525131226,0.1
0.353340059519,0.1
0.350785255432,0.1
0.367945611477,0.1
0.361727237701,0.1
0.364978045225,0.1
0.36125600338,0.1
0.366434395313,0.1
0.356752276421,0.1
0.36215403676,0.1
0.3724578619,0.1
0.35625872016,0.1
0.369787335396,0.1
0.368175387383,0.1
0.391345769167,0.1
0.380087226629,0.1
0.382031321526,0.1
0.376555979252,0.1
0.363421469927,0.1
0.368430167437,0.1
0.386135369539,0.1
0.382640749216,0.1
0.370701938868,0.1
0.389888703823,0.1
0.378930717707,0.1
0.388554900885,0.1
0.378861486912,0.1
0.387478679419,0.1
0.369700461626,0.1
0.388687640429,0.1
0.40051472187,0.1
0.376521021128,0.1
0.376346737146,0.1
0.363918870687,0.1
0.372742295265,0.1
0.369076877832,0.1
0.373756676912,0.1
0.377275854349,0.1
0.386481016874,0.1
0.375812530518,0.1
0.383628875017,0.1
0.378609716892,0.1
0.376189470291,0.1
0.377637267113,0.1
0.371294140816,0.1
0.403022021055,0.1
0.395986735821,0.1
0.38879314065,0.1
0.386261492968,0.1
0.387260407209,0.1
0.385302215815,0.1
0.384569525719,0.1
0.391416877508,0.1
0.382749408484,0.1
0.374879539013,0.1
0.368735820055,0.1
0.376570820808,0.1
0.379638165236,0.1
0.372499078512,0.1
0.370219349861,0.1
0.374408632517,0.1
0.352457165718,0.1
0.363164186478,0.1
0.359221667051,0.1
0.376977026463,0.1
0.341752260923,0.1
0.360531896353,0.1
0.351248264313,0.1
0.364806413651,0.1
0.375933647156,0.1
0.355700135231,0.1
0.350129127502,0.1
0.361868262291,0.1
0.360971391201,0.1
0.355783939362,0.1
0.350289195776,0.1
0.345056802034,0.1
0.357935398817,0.1
0.356293141842,0.1
0.363941162825,0.1
0.363406330347,0.1
0.344525396824,0.1
0.362635761499,0.1
0.337564170361,0.1
0.354032427073,0.1
0.358476489782,0.1
0.355921387672,0.1
0.374931484461,0.1
0.346070587635,0.1
0.354259490967,0.1
0.354254662991,0.1
0.337803840637,0.1
0.348852515221,0.1
0.3638895154,0.1
0.349476605654,0.1
0.35458484292,0.1
0.356751799583,0.1
0.341754496098,0.1
0.355038821697,0.1
0.356951326132,0.1
0.359881788492,0.1
0.336638748646,0.1
0.344191163778,0.1
0.337344348431,0.1
0.344717025757,0.1
0.346827208996,0.1
0.3430583179,0.1
0.335883021355,0.1
0.332681566477,0.1
0.338345944881,0.1
0.352882444859,0.1
0.362150400877,0.1
0.343693435192,0.1
0.345018655062,0.1
0.338378220797,0.1
0.346464723349,0.1
0.34921592474,0.1
0.349276602268,0.1
0.36030253768,0.1
0.340373635292,0.1
0.348558396101,0.1
0.352600097656,0.1
0.351679623127,0.1
0.349030971527,0.1
0.348711818457,0.1
0.34711509943,0.1
0.349929988384,0.1
0.347249448299,0.1
0.351119190454,0.1
0.329558491707,0.1
0.340618163347,0.1
0.333529651165,0.1
0.340886890888,0.1
0.339332014322,0.1
0.342476665974,0.1
0.337879508734,0.1
0.343756616116,0.1
0.336665004492,0.1
0.338975459337,0.1
0.358005315065,0.1
0.344549715519,0.1
0.336564540863,0.1
0.352800309658,0.1
0.354066520929,0.1
0.367230534554,0.1
0.362187027931,0.1
0.364026516676,0.1
0.358758121729,0.1
0.3521682024,0.1
